{
	"sources" : 
	[
		{
			"file" : "C:/BUT/BUT2/S3/R3.04/Examen2023ACompleter/cmake-build-debug/_deps/googletest-subbuild/CMakeFiles/googletest-populate"
		},
		{
			"file" : "C:/BUT/BUT2/S3/R3.04/Examen2023ACompleter/cmake-build-debug/_deps/googletest-subbuild/CMakeFiles/googletest-populate.rule"
		},
		{
			"file" : "C:/BUT/BUT2/S3/R3.04/Examen2023ACompleter/cmake-build-debug/_deps/googletest-subbuild/CMakeFiles/googletest-populate-complete.rule"
		},
		{
			"file" : "C:/BUT/BUT2/S3/R3.04/Examen2023ACompleter/cmake-build-debug/_deps/googletest-subbuild/googletest-populate-prefix/src/googletest-populate-stamp/googletest-populate-build.rule"
		},
		{
			"file" : "C:/BUT/BUT2/S3/R3.04/Examen2023ACompleter/cmake-build-debug/_deps/googletest-subbuild/googletest-populate-prefix/src/googletest-populate-stamp/googletest-populate-configure.rule"
		},
		{
			"file" : "C:/BUT/BUT2/S3/R3.04/Examen2023ACompleter/cmake-build-debug/_deps/googletest-subbuild/googletest-populate-prefix/src/googletest-populate-stamp/googletest-populate-download.rule"
		},
		{
			"file" : "C:/BUT/BUT2/S3/R3.04/Examen2023ACompleter/cmake-build-debug/_deps/googletest-subbuild/googletest-populate-prefix/src/googletest-populate-stamp/googletest-populate-install.rule"
		},
		{
			"file" : "C:/BUT/BUT2/S3/R3.04/Examen2023ACompleter/cmake-build-debug/_deps/googletest-subbuild/googletest-populate-prefix/src/googletest-populate-stamp/googletest-populate-mkdir.rule"
		},
		{
			"file" : "C:/BUT/BUT2/S3/R3.04/Examen2023ACompleter/cmake-build-debug/_deps/googletest-subbuild/googletest-populate-prefix/src/googletest-populate-stamp/googletest-populate-patch.rule"
		},
		{
			"file" : "C:/BUT/BUT2/S3/R3.04/Examen2023ACompleter/cmake-build-debug/_deps/googletest-subbuild/googletest-populate-prefix/src/googletest-populate-stamp/googletest-populate-test.rule"
		},
		{
			"file" : "C:/BUT/BUT2/S3/R3.04/Examen2023ACompleter/cmake-build-debug/_deps/googletest-subbuild/googletest-populate-prefix/src/googletest-populate-stamp/googletest-populate-update.rule"
		}
	],
	"target" : 
	{
		"labels" : 
		[
			"googletest-populate"
		],
		"name" : "googletest-populate"
	}
}